{"cameraMode":{"drawMode":0,"name":"Shaded","section":"Shading Mode"},"sceneLighting":false,"audioPlay":false,"sceneViewState":{"m_AlwaysRefresh":false,"showFog":true,"showSkybox":false,"showFlares":true,"showImageEffects":true,"showParticleSystems":true,"showVisualEffectGraphs":true,"m_FxEnabled":true},"in2DMode":false,"pivot":{"x":-0.05600476264953613,"y":2.9849965572357179,"z":-73.98889923095703},"rotation":{"x":0.09291669726371765,"y":-0.28727179765701296,"z":0.028011107817292215,"w":0.9529203176498413},"size":0.7287957072257996,"orthographic":false}